{"cameraMode":{"drawMode":0,"name":"Shaded","section":"Shading Mode"},"sceneLighting":true,"audioPlay":false,"sceneViewState":{"m_AlwaysRefresh":false,"showFog":true,"showSkybox":true,"showFlares":true,"showImageEffects":true,"showParticleSystems":true,"showVisualEffectGraphs":true,"m_FxEnabled":true},"in2DMode":false,"pivot":{"x":-19.797733306884767,"y":30.29448699951172,"z":22.3624267578125},"rotation":{"x":0.2260075956583023,"y":-0.013737152330577374,"z":0.003187022637575865,"w":0.9740256071090698},"size":88.83712005615235,"orthographic":false}